<?xml version="1.0" encoding="UTF-8"?>
<extension version="1.6.0" type="module" method="upgrade" client="site">
	<name>ARI Quiz user results</name>
	<creationDate>October 2012</creationDate>
	<author>ARI Soft</author>
	<authorEmail>info@ari-soft.com</authorEmail>
	<authorUrl>www.ari-soft.com</authorUrl>
	<version>1.2.0</version>
	<description>Shows top quizzes results for logged user</description>
	<files>
		<filename module="mod_ariquizusertopresult">mod_ariquizusertopresult.php</filename>
		<filename>mod_ariquizusertopresult.xml</filename>
		<filename>index.html</filename>
	</files>
	<config>
		<fields name="params">
			<fieldset name="basic">
				<field name="moduleclass_sfx" type="text" default="" label="Module Class Suffix" description="A suffix to be applied to the css class of the module (table.moduletable), this allows individual module styling" />
				<field name="@spacer" type="spacer" default="" label="" description="" />
				<field name="label" type="text" default="My Top Results" label="Label" description="Header text" />
				<field name="@spacer" type="spacer" default="" label="" description="" />
				<field name="count" type="text" default="5" label="Count" description="The number of items to display (default 5)" />
				<field name="@spacer" type="spacer" default="" label="" description="" />
				<field name="pointUnit" type="list" default="percent" label="Result measure unit" description="Result measure unit (default percent)">
					<option value="percent">Percent</option> 
					<option value="point">Point</option> 
				</field>
			</fieldset>
		</fields>
	</config>
</extension>