<?xml version="1.0" encoding="UTF-8"?>
<extension version="1.6.0" type="module" method="upgrade" client="site">
	<name>ARI Quiz User Results</name>
	<creationDate>October 2012</creationDate>
	<author>ARI Soft</author>
	<copyright>ARI Soft</copyright>
	<authorEmail>info@ari-soft.com</authorEmail>
	<authorUrl>www.ari-soft.com</authorUrl>
	<version>1.2.0</version>
	<license>http://www.gnu.org/licenses/gpl-2.0.html GNU/GPL</license>
	<description>MODULE_ARIQUIZUSERRESULT</description>
	<scriptfile>script.php</scriptfile>
	<files folder="install">
		<filename module="mod_ariquizuserresult">mod_ariquizuserresult.php</filename>
		<filename>mod_ariquizuserresult.xml</filename>
		<filename>index.html</filename>
	</files>
</extension>